Establishment Number,Establishment Name,City,State,District Number,Product Class,Category
M1015+P1015+V1015,"Empire Kosher Poultry, Inc.",Mifflintown,PA,60,Young Chicken Carcasses,1.0
M112+P112,"Tyson Foods, Inc",Green Forest,AR,35,Young Chicken Carcasses,1.0
M1234+P1234,Mountaire Farms Inc.,Siler City,NC,80,Young Chicken Carcasses,1.0
M13456+P13456+V13456,"Tyson Foods, Inc.",Pine Bluff,AR,35,Young Chicken Carcasses,2.0
M13556+P13556,"Tyson Foods, Inc.",Sedalia,MO,35,Young Chicken Carcasses,2.0
M1655+P1655+V1655,"Rashbe Holdings, Inc.",Birdsboro,PA,60,Young Chicken Carcasses,1.0
M17250+P6+V6,"Tyson Foods, Inc.",Blountsville,AL,90,Young Chicken Carcasses,1.0
M17980+P17980,Pilgrim's Pride Corporation,Sumter,SC,85,Young Chicken Carcasses,2.0
M19636+P19636,Tyson Foods Inc,Union City,TN,90,Young Chicken Carcasses,1.0
M20322+P20322,"Keystone Foods, LLC.",Baker Hill,AL,90,Young Chicken Carcasses,1.0
M20446+P20446+V20446,Central Illinois Poultry Processing LLC,Arthur,IL,50,Young Chicken Carcasses,1.0
M20826+P20826+V20826,Griggstown Quail Farm,Princeton,NJ,80,Young Chicken Carcasses,1.0
M2161+P3,"Mountaire Farms of Delaware, Inc.",Millsboro,DE,80,Young Chicken Carcasses,1.0
M27297+P27297,Campo Lindo Farms,Lathrop,MO,35,Young Chicken Carcasses,3.0
M27389+P27389+V27389,Pitman Farms,Sanger,CA,5,Young Chicken Carcasses,3.0
M31727+P31727+V31727A,Kiryas Joel Poultry Processing Plant,Monroe,NY,60,Young Chicken Carcasses,1.0
M322A+P322,Pilgrim's Pride Corporation,Cold Spring,MN,25,Young Chicken Carcasses,1.0
M34145+P34145,"Kadejan, Inc.",Glenwood,MN,25,Young Chicken Carcasses,1.0
M4005+P4005+V4005,Williamsburg Packing Company Inc.,Kingstree,SC,85,Young Chicken Carcasses,1.0
M4181+P4181,"Mao Foods, Inc.",Los Angeles,CA,5,Young Chicken Carcasses,1.0
M44121+P44121,Pelleh Poultry Corp.,Swan Lake,NY,60,Young Chicken Carcasses,3.0
M45465+P45465+V45465,Common Wealth Poultry Co,Gardiner,ME,60,Young Chicken Carcasses,3.0
M45479+P45479,Rettland Farm LLC,Gettysburg,PA,60,Young Chicken Carcasses,1.0
M45525+P45525+V45525,Pine Creek Processing LLC,Ridgeland,WI,25,Young Chicken Carcasses,3.0
M46324A+P46324A+V46324A,Morning Star Poultry,Fort Plain,NY,60,Young Chicken Carcasses,2.0
M46498+P46498,"Westminster Meat Packing, Inc.",Westminster,VT,60,Young Chicken Carcasses,3.0
M4653A+P4653A+V4653A,"Agri Star Meat and Poultry, LLC",Postville,IA,25,Young Chicken Carcasses,1.0
M46910+P46910+V46910,B & R Meat Processing,Winslow,AR,35,Young Chicken Carcasses,3.0
M46942+P46942,Maple Wind Farm,Richmond,VT,60,Young Chicken Carcasses,1.0
M47579+P47579,Tyson Foods Inc.,Humboldt,TN,90,Young Chicken Carcasses,1.0
M48281+P48281+V48281,"White Lake Foods, LLC",Ferndale,NY,60,Young Chicken Carcasses,3.0
M51255+P51255,Natural State Processing,Clinton,AR,35,Young Chicken Carcasses,1.0
M51302+P51302,Belmont Meats LLC,Paradise,PA,60,Young Chicken Carcasses,1.0
M51351+P51351,Underground Slaughter LLC,Walling,TN,90,Young Chicken Carcasses,3.0
M56+P56,Pilgrim's Pride Corporation,Timberville,VA,80,Young Chicken Carcasses,1.0
M5842+P5842+V5842,"Tyson Foods, Inc.",Springdale,AR,35,Young Chicken Carcasses,3.0
M6137+P6137,"Foster Poultry Farms, LLC",Livingston,CA,5,Young Chicken Carcasses,1.0
M667+P667,Mountaire Farms Inc.,Selbyville,DE,80,Young Chicken Carcasses,1.0
M7100+P7100+V7100,"Tyson Foods, Inc.",Nashville,AR,35,Young Chicken Carcasses,2.0
M737+P737,House of Raeford - Wallace Div,Teachey,NC,80,Young Chicken Carcasses,2.0
M7428+P7428+V7428,"Joyce Foods, Inc.",Winston Salem,NC,80,Young Chicken Carcasses,1.0
M744+P744,Vineland Poultry LLC,Vineland,NJ,80,Young Chicken Carcasses,1.0
M7470+P7470,Mountaire Farms Inc. - NC Division,Lumber Bridge,NC,80,Young Chicken Carcasses,1.0
M7478+P1,"Tyson Foods, Inc.",Wilkesboro,NC,80,Young Chicken Carcasses,2.0
M7559+P134+V7559,David Elliot Poultry Farm Inc.,Scranton,PA,60,Young Chicken Carcasses,3.0
M810+P810,Pilgrim's Pride Corporation,Moorefield,WV,80,Young Chicken Carcasses,1.0
M9977+P1325,"Tyson Foods, Inc.",New Holland,PA,60,Young Chicken Carcasses,1.0
P1009,Wayne Farms LLC,Danville,AR,35,Young Chicken Carcasses,1.0
P1137,"Tyson Foods, Inc.",Seguin,TX,40,Young Chicken Carcasses,1.0
P1235,Wayne Farms LLC,Decatur,AL,90,Young Chicken Carcasses,2.0
P1241,"Tyson Foods, Inc.",Corydon,IN,50,Young Chicken Carcasses,1.0
P1243,"Perdue Foods, LLC.",Rockingham,NC,80,Young Chicken Carcasses,1.0
P1249,"George's Chicken, LLC",Edinburg,VA,80,Young Chicken Carcasses,1.0
P1250,Fieldale Farms Corporation,Cornelia,GA,85,Young Chicken Carcasses,1.0
P1254+V1254,"Koch Foods of Ashland, LLC",Ashland,AL,90,Young Chicken Carcasses,1.0
P1257,Fieldale Farms Corporation,Murrayville,GA,85,Young Chicken Carcasses,1.0
P1272,Pilgrim's Pride Corporation,Douglas,GA,85,Young Chicken Carcasses,1.0
P1284,Pilgrim's Pride Corporation,Canton,GA,85,Young Chicken Carcasses,2.0
P1294+V1294,Holmes Foods Inc.,Nixon,TX,40,Young Chicken Carcasses,1.0
P1307,Mar-Jac Poultry-AL,Jasper,AL,90,Young Chicken Carcasses,3.0
P1309,House of Raeford Farms Inc.,Greenville,SC,85,Young Chicken Carcasses,1.0
P1315,"Tyson Foods, Inc.",Monett,MO,35,Young Chicken Carcasses,1.0
P1317+V1317,Wayne Farms LLC,Albertville,AL,90,Young Chicken Carcasses,2.0
P1318,"Perdue Foods, LLC",Milford,DE,80,Young Chicken Carcasses,1.0
P13369+V13369,"George's Processing, Inc.",Cassville,MO,35,Young Chicken Carcasses,1.0
P1353,Pilgrim's Pride Corporation,Chattanooga,TN,90,Young Chicken Carcasses,2.0
P15724+V15724,Case Farms Processing,Winesburg,OH,50,Young Chicken Carcasses,1.0
P1605,"Tide Mill Organic Farm, LLC",Edmunds Twp,ME,60,Young Chicken Carcasses,3.0
P164,Tyson Foods Inc,Forest,MS,90,Young Chicken Carcasses,1.0
P165H,Bachoco OK Foods,Heavener,OK,40,Young Chicken Carcasses,1.0
P165S+V165S,Bachoco OK Foods,Fort Smith,AR,35,Young Chicken Carcasses,2.0
P170,Wayne Farms LLC,Pendergrass,GA,85,Young Chicken Carcasses,1.0
P17340,Pilgrim's Pride Corporation,Hickory,KY,90,Young Chicken Carcasses,1.0
P17500,Pilgrim's Pride Corporation,Russellville,AL,90,Young Chicken Carcasses,2.0
P177,Pilgrim's Pride Corporation,Gainesville,GA,85,Young Chicken Carcasses,1.0
P17966+V17966,"HVFG, LLC",Ferndale,NY,60,Young Chicken Carcasses,1.0
P18285,Perdue Foods LLC,Dillon,SC,85,Young Chicken Carcasses,2.0
P18414,MB Consultants LTD,South Fallsburg,NY,60,Young Chicken Carcasses,1.0
P18438B,"Dupont Market, Inc. dba Grimaud Farms",Stockton,CA,5,Young Chicken Carcasses,3.0
P18557,"Sanderson Farms, Inc.",Summit,MS,90,Young Chicken Carcasses,1.0
P18873,"Tyson Foods, Inc.",Vienna,GA,85,Young Chicken Carcasses,1.0
P18978,Misty Knoll Farms,New Haven,VT,60,Young Chicken Carcasses,3.0
P19112,Perdue Foods LLC,Cromwell,KY,90,Young Chicken Carcasses,2.0
P19128,Case Farms Processing,Dudley,NC,80,Young Chicken Carcasses,1.0
P19150+V19150,La Belle Farm Inc,Ferndale,NY,60,Young Chicken Carcasses,3.0
P192,Pilgrim's Pride Corporation,Guntersville,AL,90,Young Chicken Carcasses,1.0
P1949,"Simmons Prepared Foods, Inc.",Gentry,AR,35,Young Chicken Carcasses,1.0
P19514,"Tyson Foods, Inc.",Robards,KY,90,Young Chicken Carcasses,1.0
P19688+V19688,"Sanderson Farms, Inc.",Bryan,TX,40,Young Chicken Carcasses,1.0
P1978,Pasture Raised Foods LLC,Elgin,TX,40,Young Chicken Carcasses,1.0
P19865+V19865,House of Raeford Farms of LA,Arcadia,LA,40,Young Chicken Carcasses,2.0
P20245,"Keystone Foods, LLC",Albany,KY,90,Young Chicken Carcasses,3.0
P20251,"Tecumseh Poultry, LLC",Tecumseh,NE,15,Young Chicken Carcasses,1.0
P206+V206,Pilgrim's Pride Corporation,Nacogdoches,TX,40,Young Chicken Carcasses,1.0
P20604,"Gerber Poultry, Inc.",Kidron,OH,50,Young Chicken Carcasses,2.0
P208+V208,"George's Processing, Inc.",Springdale,AR,35,Young Chicken Carcasses,2.0
P211,"Palmetto Pigeon Plant, Inc.",Sumter,SC,85,Young Chicken Carcasses,3.0
P21234,Perdue Foods LLC,Perry,GA,85,Young Chicken Carcasses,1.0
P2178,PERDUE FOODS LLC,Georgetown,DE,80,Young Chicken Carcasses,1.0
P218,Pilgrim's Pride Corporation,Lufkin,TX,40,Young Chicken Carcasses,2.0
P2186,"GEORGE'S FOODS, LLC",Harrisonburg,VA,80,Young Chicken Carcasses,1.0
P243,"Tyson Foods, Inc.",Cumming,GA,85,Young Chicken Carcasses,1.0
P247,"Sanderson Farms, Inc. (Processing Div)",Hazlehurst,MS,90,Young Chicken Carcasses,1.0
P2632,Pilgrim's Pride Corporation,Live Oak,FL,85,Young Chicken Carcasses,1.0
P2686,"Keystone Foods, LLC",Camilla,GA,85,Young Chicken Carcasses,2.0
P2882,Perdue Foods LLC,Petaluma,CA,5,Young Chicken Carcasses,1.0
P2894,House of Raeford Vienna,Vienna,GA,85,Young Chicken Carcasses,1.0
P308,Koch Foods of Mississippi,Morton,MS,90,Young Chicken Carcasses,2.0
P32,"Mar-Jac Poultry, Inc.",Gainesville,GA,85,Young Chicken Carcasses,1.0
P320,"Sanderson Farms, Inc.",Laurel,MS,90,Young Chicken Carcasses,1.0
P32143,Otto's Poultry Inc.,Middleville,MI,50,Young Chicken Carcasses,1.0
P32182,"Sanderson Farms, Inc.",Moultrie,GA,85,Young Chicken Carcasses,1.0
P325,"Tyson Foods, Inc.",Center,TX,40,Young Chicken Carcasses,1.0
P33900+V33900,"Foster Poultry Farms, LLC",Farmerville,LA,40,Young Chicken Carcasses,2.0
P341,Golden Rod Broilers,Cullman,AL,90,Young Chicken Carcasses,2.0
P34308,"Sanderson Farms, Inc.",Waco,TX,40,Young Chicken Carcasses,1.0
P39,Pine Manor Inc.,Orland,IN,50,Young Chicken Carcasses,2.0
P39915+V39915,"LOCUST POINT FARMS, LLC",Elkton,MD,80,Young Chicken Carcasses,3.0
P40,Pilgrim's Pride Corporation,Ellijay,GA,85,Young Chicken Carcasses,1.0
P40183,"Sanderson Farms, Inc.",Kinston,NC,80,Young Chicken Carcasses,1.0
P40345,Misty Lea Farm Poultry Processing,Pembroke,KY,90,Young Chicken Carcasses,3.0
P419,"Case Farms Processing, Inc.",Morganton,NC,80,Young Chicken Carcasses,1.0
P445,"Wayne Farms, LLC",Dobson,NC,80,Young Chicken Carcasses,1.0
P44826,Case Farms Processing,Canton,OH,50,Young Chicken Carcasses,1.0
P44974+V44974,Goffle Road Poultry Farm,Wyckoff,NJ,80,Young Chicken Carcasses,3.0
P44992,Windy Meadows Family Farm,Campbell,TX,40,Young Chicken Carcasses,2.0
P45342+V45342,"Munsell's Poultry Processing, LLC",Fowlerville,MI,50,Young Chicken Carcasses,2.0
P45483,"Peco Foods, Inc.",Pocahontas,AR,35,Young Chicken Carcasses,1.0
P45819,King and Sons Poultry Service Inc,Bradford,OH,50,Young Chicken Carcasses,1.0
P45910,"Sanderson Farms, Inc.",St Pauls,NC,80,Young Chicken Carcasses,2.0
P46091,"Ozark Mountain Poultry, Inc.",Batesville,AR,35,Young Chicken Carcasses,1.0
P46166+V46166,Zem Zem Halal Poultry Processing LLC,Rock Falls,IL,50,Young Chicken Carcasses,1.0
P46213,Burgundy Pasture Poultry LLC,Hillsboro,TX,40,Young Chicken Carcasses,1.0
P46248A,Wabash Poultry Processing,Forrest,IL,50,Young Chicken Carcasses,3.0
P46374,Sanderson Farms Processing Inc. Tyler Processing Division,Tyler,TX,40,Young Chicken Carcasses,2.0
P468,"Peco Foods, Inc.",Batesville,AR,35,Young Chicken Carcasses,1.0
P46826,SHENANDOAH VALLEY ORGANIC,Harrisonburg,VA,80,Young Chicken Carcasses,2.0
P46897,"IHSAN FARMS, IIC",Princess Anne,MD,80,Young Chicken Carcasses,3.0
P47016,"The Best Dressed Chicken, Inc.",Ward,SC,85,Young Chicken Carcasses,2.0
P47254,Shining Comb Poultry,Romulus,NY,60,Young Chicken Carcasses,2.0
P47394,Poultry Processing of Atlanta,Loganville,GA,85,Young Chicken Carcasses,2.0
P476,Pilgrim's Pride Corporation,Carrollton,GA,85,Young Chicken Carcasses,1.0
P47824,Regenerative Agriculture Alliance,Stacyville,IA,25,Young Chicken Carcasses,1.0
P47998+V47998,Pure Prairie Poultry Inc.,Charles City,IA,25,Young Chicken Carcasses,2.0
P481,"Tyson Foods, Inc.",Springdale,AR,35,Young Chicken Carcasses,3.0
P48304,Lincoln Premium Poultry,Fremont,NE,15,Young Chicken Carcasses,3.0
P48308,"J-Bar Poultry Processing, LLC",New Plymouth,ID,15,Young Chicken Carcasses,3.0
P48466,"Al-Kawthar Poultry, LLC",Stevens,PA,60,Young Chicken Carcasses,3.0
P509,Koch Foods LLC,Morristown,TN,90,Young Chicken Carcasses,1.0
P510,House Of Raeford Farms,Rose Hill,NC,80,Young Chicken Carcasses,1.0
P51179+V51179,"Sanderson Farms, Inc.",Palestine,TX,40,Young Chicken Carcasses,1.0
P51228,Adams Turkey Farm,Westford,VT,60,Young Chicken Carcasses,1.0
P517,Mar-Jac Poultry-MS,Hattiesburg,MS,90,Young Chicken Carcasses,1.0
P519,Amick Farms LLC,Laurel,MS,90,Young Chicken Carcasses,1.0
P522,"Sanderson Farms, Inc. (Processing Div)",Collins,MS,90,Young Chicken Carcasses,2.0
P529+V529,Pilgrim's Pride Corporation,Arcadia,WI,25,Young Chicken Carcasses,1.0
P533,"Table Trust Brands, LLC, DBA FreeBird",Fredericksburg,PA,60,Young Chicken Carcasses,2.0
P548,"JCG  Foods of Alabama, LLC",Collinsville,AL,90,Young Chicken Carcasses,1.0
P559,"Tyson Foods, Inc.",Albertville,AL,90,Young Chicken Carcasses,1.0
P5787,Pilgrim's Pride Corporation,Natchitoches,LA,40,Young Chicken Carcasses,1.0
P6058,Perdue Foods LLC,Mount Vernon,WA,15,Young Chicken Carcasses,2.0
P6137A,"Foster Poultry Farms, LLC",Fresno,CA,5,Young Chicken Carcasses,3.0
P6164A,"Foster Poultry Farms, LLC",Kelso,WA,15,Young Chicken Carcasses,1.0
P622,"Tyson Foods, Inc.",Monroe,NC,80,Young Chicken Carcasses,1.0
P646,"JCG Foods of Georgia, LLC",Pine Mt Valley,GA,85,Young Chicken Carcasses,1.0
P6504,"Peco Foods, Inc.",Tuscaloosa,AL,90,Young Chicken Carcasses,1.0
P6505,"Norman W. Fries, Inc.",Claxton,GA,85,Young Chicken Carcasses,1.0
P6510,"Peco Foods, Inc",Bay Springs,MS,90,Young Chicken Carcasses,1.0
P6519B,"Coastal Processing, LLC",Louisville,GA,85,Young Chicken Carcasses,1.0
P6529,"Koch Foods of  Montgomery, AL",Montgomery,AL,90,Young Chicken Carcasses,1.0
P6616+V6616,"Peco Foods, Inc.",Sebastopol,MS,90,Young Chicken Carcasses,1.0
P6638,Pilgrim's Pride Corporation,Enterprise,AL,90,Young Chicken Carcasses,2.0
P6651,Tyson Foods Inc.,Shelbyville,TN,90,Young Chicken Carcasses,1.0
P6666,"Koch Foods of Gadsden, LLC",Gadsden,AL,90,Young Chicken Carcasses,1.0
P687,House of Raeford,West Columbia,SC,85,Young Chicken Carcasses,1.0
P689+V689,"Cooks Venture Poultry Jay, Inc.",Jay,OK,40,Young Chicken Carcasses,1.0
P7044,"Tyson Foods, Inc.",Carthage,TX,40,Young Chicken Carcasses,2.0
P705,Pilgrim's Pride Corporation,De Queen,AR,35,Young Chicken Carcasses,1.0
P7085+V7085,"Tyson Foods, Inc",Broken Bow,OK,40,Young Chicken Carcasses,2.0
P7091,Pilgrim's Pride Corporation,Mount Pleasant,TX,40,Young Chicken Carcasses,2.0
P7101,"Tyson Foods, Inc.",Clarksville,AR,35,Young Chicken Carcasses,1.0
P7156+V7156,"Tyson Foods, Inc.",Hope,AR,35,Young Chicken Carcasses,2.0
P72,"Tyson Foods, Inc",Dardanelle,AR,35,Young Chicken Carcasses,2.0
P7264+V7264,"Sanderson Farms, Inc.",Hammond,LA,40,Young Chicken Carcasses,1.0
P727+V727,"Simmons Prepared Foods, Inc.",South West City,MO,35,Young Chicken Carcasses,1.0
P7342+V7342,Wayne Farms LLC,Dothan,AL,90,Young Chicken Carcasses,1.0
P7374,"To-Ricos, Ltd.",Aibonito,PR,85,Young Chicken Carcasses,1.0
P7485+V7485,Wayne Farms LLC,Jack,AL,90,Young Chicken Carcasses,1.0
P7487,"Koch Foods, LLC",Chattanooga,TN,90,Young Chicken Carcasses,2.0
P758,"Tyson Foods, Inc",Carthage,MS,90,Young Chicken Carcasses,1.0
P7632,"Foster Poultry Farms, LLC",Fresno,CA,5,Young Chicken Carcasses,2.0
P764,"Perdue Foods, LLC",Salisbury,MD,80,Young Chicken Carcasses,1.0
P768+V768,"Tyson Foods, Inc.",Waldron,AR,35,Young Chicken Carcasses,1.0
P7903,"Perdue Foods, LLC",Accomac,VA,80,Young Chicken Carcasses,1.0
P7927,"AMICK FARMS, LLC",Hurlock,MD,80,Young Chicken Carcasses,1.0
P794,"B&B Poultry Co., Inc.",Norma,NJ,80,Young Chicken Carcasses,1.0
P7987,"Amick Farms, LLC",Batesburg,SC,85,Young Chicken Carcasses,1.0
P806,"Tyson Foods, Inc.",Temperanceville,VA,80,Young Chicken Carcasses,1.0
P8107+V8107,Squab Producers Of California,Modesto,CA,5,Young Chicken Carcasses,1.0
P843,Pilgrim's Pride Corporation,Marshville,NC,80,Young Chicken Carcasses,1.0
P855,Pilgrim's Pride Corporation,Athens,GA,85,Young Chicken Carcasses,2.0
P890,"Peco Foods, Inc.",Canton,MS,90,Young Chicken Carcasses,2.0
P910,"Harrison Poultry, Inc.",Bethlehem,GA,85,Young Chicken Carcasses,1.0
P912,Wayne Farms LLC,Union Springs,AL,90,Young Chicken Carcasses,1.0
P9197,"Perdue Foods, LLC.",Lewiston Woodville,NC,80,Young Chicken Carcasses,1.0
P935,Allen Harim LLC,Harbeson,DE,80,Young Chicken Carcasses,1.0
P9378+V9378,Baffoni's Poultry Farm Inc.,Johnston,RI,60,Young Chicken Carcasses,3.0
M10+P7212+V10,Buckhead Meat & Seafood of Houston.,Houston,TX,40,Chicken Parts,2.0
M10017+P10017,Bert Hazekamp & Son Inc.,Muskegon,MI,50,Chicken Parts,1.0
M1015+P1015+V1015,"Empire Kosher Poultry, Inc.",Mifflintown,PA,60,Chicken Parts,3.0
M1046+P1046+V1046,S & S Meat Co.,Kansas City,MO,35,Chicken Parts,1.0
M1097+P8891,"Demakes Enterprises, LLC",Lynn,MA,60,Chicken Parts,1.0
M11078+P11078,Burris Logistics,Los Angeles,CA,5,Chicken Parts,1.0
M112+P112,"Tyson Foods, Inc",Green Forest,AR,35,Chicken Parts,1.0
M11507+P11507+V11507,Perdue Foods LLC,Monterey,TN,90,Chicken Parts,1.0
M11509+P11509,Bachoco OK Foods,Albertville,AL,90,Chicken Parts,1.0
M1160+P9207,Rocker Bros. Meat & Provision Inc.,Inglewood,CA,5,Chicken Parts,1.0
M1234+P1234,Mountaire Farms Inc.,Siler City,NC,80,Chicken Parts,1.0
M12650+P12650,Fieldale Farms Corporation,Gainesville,GA,85,Chicken Parts,3.0
M1305+P1305+V1305,"Holly Poultry, LLC",Baltimore,MD,80,Chicken Parts,3.0
M13127+P13127,Ditta Meat Company,Pasadena,TX,40,Chicken Parts,2.0
M13170+P13170+V13170,Oklahoma City Meat Company,Oklahoma City,OK,40,Chicken Parts,1.0
M13432A+P13432A,"Martin Preferred Foods, L.P.",Houston,TX,40,Chicken Parts,2.0
M13456+P13456+V13456,"Tyson Foods, Inc.",Pine Bluff,AR,35,Chicken Parts,1.0
M13484+P13484,Direct Source Meats,San Antonio,TX,40,Chicken Parts,1.0
M13530+P13530,Tian Tian Food Service,Houston,TX,40,Chicken Parts,1.0
M13556+P13556,"Tyson Foods, Inc.",Sedalia,MO,35,Chicken Parts,1.0
M13564+P13564,"Rath, Inc.",Apache,OK,40,Chicken Parts,1.0
M13590+P13590,"Southwest Processor, Inc.",Stafford,TX,40,Chicken Parts,2.0
M1383+P677,Praters Foods,Lubbock,TX,40,Chicken Parts,1.0
M1392+P1392,"Dudley Poultry Company, Inc,",Middlesex,NY,60,Chicken Parts,1.0
M15735+P15735+V15735,"Fulton Troika, LLC",Chicago,IL,50,Chicken Parts,1.0
M15805+P15805+V15805,J&B Wholesale Distributing Inc.,St Michael,MN,25,Chicken Parts,3.0
M1645+P1645,"Nathan & Sons, Inc.",South El Monte,CA,5,Chicken Parts,1.0
M1655+P1655+V1655,"Rashbe Holdings, Inc.",Birdsboro,PA,60,Chicken Parts,1.0
M1698+P787+V1698,Schreiber Processing Corporation,Maspeth,NY,60,Chicken Parts,2.0
M17202S+P17202S,Americold Logistics LLC,Sanford,NC,80,Chicken Parts,1.0
M17250+P6+V6,"Tyson Foods, Inc.",Blountsville,AL,90,Chicken Parts,1.0
M17335+P17335,"Intra Coastal Packing, Inc.",Lake Worth,FL,85,Chicken Parts,1.0
M17395+P17395,50th State Poultry,Pearl City,HI,15,Chicken Parts,1.0
M17557+P17557,"JPI Wholesalers, Inc.",Barry,IL,50,Chicken Parts,1.0
M1759+P1759,Fortune Wisconsin LLC,Green Bay,WI,25,Chicken Parts,3.0
M17751+P17751,Chamblee Meats & Supplies,Chamblee,GA,85,Chicken Parts,1.0
M1791+P27353,"Best Chicago Meat Company, LLC",Chicago,IL,50,Chicken Parts,3.0
M17967+P17967,"Los Altos Beef, Inc.",Huntington Park,CA,5,Chicken Parts,1.0
M17980+P17980,Pilgrim's Pride Corporation,Sumter,SC,85,Chicken Parts,1.0
M18554+P18554,JCG Industries,Chicago,IL,50,Chicken Parts,1.0
M18554A+P18554A,JCG Industries,Franklin Park,IL,50,Chicken Parts,2.0
M18578+P18578,"Kelly's Foods, Inc.",Winter Garden,FL,85,Chicken Parts,1.0
M18596+P18596,K&L Ranch Inc.,Paterson,NJ,80,Chicken Parts,1.0
M18600+P18600,Greco and Sons,Bartlett,IL,50,Chicken Parts,1.0
M18667+P18667,Ellsworth Foods Inc.,Tifton,GA,85,Chicken Parts,1.0
M18678+P18678+V18678,"Fells Point, LLC",Baltimore,MD,80,Chicken Parts,1.0
M18743+P18743,"Olympia Food Industries, Inc.",Franklin Park,IL,50,Chicken Parts,1.0
M1887+P1887,"Marcel's Portion Pak, Inc",Opa-Locka,FL,85,Chicken Parts,1.0
M18888+P18888,Brighton Packing LLC,Chicago,IL,50,Chicken Parts,1.0
M18895+P18895,"US Foods, Inc.",Hawthorne,CA,5,Chicken Parts,1.0
M18987+P18987,JRG Meat Processing Plant,Aibonito,PR,85,Chicken Parts,1.0
M18994+P18994,The 29ers Provisions,Los Angeles,CA,5,Chicken Parts,2.0
M1913A+P18075A+V1913A,"Three Sons Processing-Texas, Inc.",Dfw Airport,TX,40,Chicken Parts,2.0
M19194+P19194,"US Foods, Inc.",Phoenix,AZ,5,Chicken Parts,1.0
M19300+P19300+V19300,Skyline Provisions,Harvey,IL,50,Chicken Parts,1.0
M1940+P17937+V1940,Ruprecht Company,Mundelein,IL,50,Chicken Parts,1.0
M19433+P19433,Ambassador Meat Dist. Inc.,Kansas City,MO,35,Chicken Parts,1.0
M1947A+P1947A,Halperns' Steak and Seafood Company LLC,Kalamazoo,MI,50,Chicken Parts,1.0
M19636+P19636,Tyson Foods Inc,Union City,TN,90,Chicken Parts,1.0
M19652+P19652,Swift Beef Company,Greeley,CO,15,Chicken Parts,2.0
M19669+P19669+V19669,Allen Brothers LLC,Union City,CA,5,Chicken Parts,2.0
M19719+P19719,Twin Rivers Foods,Fort Smith,AR,35,Chicken Parts,2.0
M19719E+P19719E,Twin Rivers Foods,Ft. Smith,AR,35,Chicken Parts,1.0
M19782+P19782,E. Excel Food Inc,Anaheim,CA,5,Chicken Parts,1.0
M19879+P19879+V19879,Golden Valley Industries,Modesto,CA,5,Chicken Parts,1.0
M19909+P19909,"Bally United Produce, LTD",Garland,TX,40,Chicken Parts,1.0
M19916+P8117+V19916,Salt Lake Fine Foods,Salt Lake City,UT,15,Chicken Parts,1.0
M19953+P19953,Go Go Sales Inc.,Los Angeles,CA,5,Chicken Parts,1.0
M19999+P19999,"AU, LAU and Associates, Inc.",Pompano Beach,FL,85,Chicken Parts,1.0
M20088+P20088+V20088,"Brakebush Irving, Inc.",Irving,TX,40,Chicken Parts,1.0
M20106+P20106,Dallas USA Foods Inc.,Dallas,TX,40,Chicken Parts,1.0
M20153+P20153,Rice Field Corporation,City Of Industry,CA,5,Chicken Parts,1.0
M20251W+P20251W,"Tecumseh Poultry, LLC",Waverly,NE,15,Chicken Parts,1.0
M20322+P20322,"Keystone Foods, LLC.",Baker Hill,AL,90,Chicken Parts,1.0
M20401+P20401,"Prime Foods, Inc.",Hyattsville,MD,80,Chicken Parts,1.0
M20815+P20815,"Buckhead Meat & Seafood Mid-Atlantic, Inc.",Landover,MD,80,Chicken Parts,1.0
M20862+P20862,"Olympic Gold Meats, Inc.",Long Beach,CA,5,Chicken Parts,1.0
M20887+P20887,Crescent Foods,Chicago,IL,50,Chicken Parts,2.0
M20889+P20889,"Crown I Enterprises, Inc.",Bay Shore,NY,60,Chicken Parts,1.0
M2095+P2095,"Nealey's Foods, Inc.",Chicago,IL,50,Chicken Parts,1.0
M20AE+P20AE+V20AE,"Lopez Foods, Inc.",Oklahoma City,OK,40,Chicken Parts,1.0
M21103+P21103,US Foods Inc.,Birmingham,AL,90,Chicken Parts,1.0
M21200+P21200,"VF America, LLC",Statham,GA,85,Chicken Parts,1.0
M21202+P21202,Halsey Food Service,Madison,AL,90,Chicken Parts,1.0
M21254+P21254,"William & Co., Inc.",Boston,MA,60,Chicken Parts,1.0
M21275+P21275,D&D Foods Inc.,Omaha,NE,15,Chicken Parts,2.0
M21342+P21342,WanRong Trading Corp.,Long Island City,NY,60,Chicken Parts,1.0
M21430+P21430,Bert Posess Inc,Paterson,NJ,80,Chicken Parts,1.0
M21494+P21494,CCP Poultry & Meat Corp.,Vernon,CA,5,Chicken Parts,1.0
M21498+P21498,Ozark Mountain Poultry Inc.,Rogers,AR,35,Chicken Parts,1.0
M2161+P3,"Mountaire Farms of Delaware, Inc.",Millsboro,DE,80,Chicken Parts,1.0
M21838+P21838,Bachoco OK Foods,Albertville,AL,90,Chicken Parts,2.0
M21863A+P21863A,Rio Grande Pak Foods,Mcallen,TX,40,Chicken Parts,1.0
M21874+P21874,"Rosemead Processing Meats, Inc.",South El Monte,CA,5,Chicken Parts,2.0
M2199+P2199,"Omni Custom Meats, Inc.",Bowling Green,KY,90,Chicken Parts,2.0
M2213A+P2213A,Buckhead Meat of San Antonio,San Antonio,TX,40,Chicken Parts,1.0
M2260T+P2260T,"Gold Creek Foods, LLC",Caryville,TN,90,Chicken Parts,1.0
M2298+P2298,"Deen Meat and Cooked Foods, Inc.",Fort Worth,TX,40,Chicken Parts,2.0
M2327+P2327,"Iowa Pacific Processors, Inc.",Des Moines,IA,25,Chicken Parts,1.0
M2338+P2338,Keith Valley Packing Company,Dallas,TX,40,Chicken Parts,1.0
M245D+P245D+V245D,"Tyson Foods, Inc.",Emporia,KS,35,Chicken Parts,3.0
M248B+P215,Butterfield Foods Company,Butterfield,MN,25,Chicken Parts,1.0
M2514+P18395,Four Star Foods,Chicago,IL,50,Chicken Parts,1.0
M2540+P2540,"KBDetroit, LLC",Detroit,MI,50,Chicken Parts,1.0
M2629+P2629+V2629,Hobson Food Service,Nashville,TN,90,Chicken Parts,1.0
M2635+P2635,Unidos Meat Processors LLC,Hidalgo,TX,40,Chicken Parts,1.0
M2676+P2676,"Southeast Poultry, Inc.",Rogers,AR,35,Chicken Parts,2.0
M272+P272,"T. F. Kinnealey Co., Inc.",Brockton,MA,60,Chicken Parts,3.0
M27216+P27216,Great American Trucking- Select Foods,Delray Beach,FL,85,Chicken Parts,2.0
M27389+P27389+V27389,Pitman Farms,Sanger,CA,5,Chicken Parts,3.0
M27505+P27505,"Gold Creek Processing, LLC",Dawsonville,GA,85,Chicken Parts,1.0
M2802+P2802,Magong Food LLC,Monterey Park,CA,5,Chicken Parts,1.0
M2874+P2874,"Allen Brothers, LLC",Richmond,CA,5,Chicken Parts,1.0
M2902+P2902,Cougle Commission Company,Chicago,IL,50,Chicken Parts,2.0
M30775+P30775,Rose Meat Services,Vernon,CA,5,Chicken Parts,1.0
M30778+P30778,La Adelita Food Company Inc.,Los Angeles,CA,5,Chicken Parts,1.0
M31639+P31639,Mountain Meadow Productions,Los Angeles,CA,5,Chicken Parts,1.0
M31727+P31727+V31727A,Kiryas Joel Poultry Processing Plant,Monroe,NY,60,Chicken Parts,1.0
M31877+P31877,Twin Rivers Foods,Atkins,AR,35,Chicken Parts,2.0
M31884+P31884+V31884,"Pritzlaff Wholesale Meats, LLC",New Berlin,WI,25,Chicken Parts,1.0
M31915+P31915,"MERRILL DISTRIBUTING, INC.",Wausaukee,WI,25,Chicken Parts,1.0
M31932+P31932,Certified Meat Products,Fresno,CA,5,Chicken Parts,3.0
M31979+P31979,Gold Creek Processing LLC,Gainesville,GA,85,Chicken Parts,1.0
M31980+P31980,"M & C Unico, Inc.",Los Angeles,CA,5,Chicken Parts,2.0
M322A+P322,Pilgrim's Pride Corporation,Cold Spring,MN,25,Chicken Parts,1.0
M33861+P33861,Standard Meat Company,Saginaw,TX,40,Chicken Parts,1.0
M33885+P31851,Chee Foo International Inc,Phoenix,AZ,5,Chicken Parts,2.0
M33901+P33901,"Foster Poultry Farms, LLC",Farmerville,LA,40,Chicken Parts,1.0
M33982+P33982,JBB Trading LLC,Houston,TX,40,Chicken Parts,2.0
M34009+P34009,Washington Lamb Inc,Lorton,VA,80,Chicken Parts,1.0
M34095+P34095+V34095,"A1 Meat Solutions, Inc.",El Monte,CA,5,Chicken Parts,2.0
M34145+P34145,"Kadejan, Inc.",Glenwood,MN,25,Chicken Parts,1.0
M34152+P34152,Anmar Foods,Chicago,IL,50,Chicken Parts,1.0
M34167+P34167,Dakota Packing,Las Vegas,NV,5,Chicken Parts,3.0
M34176+P34176,"JBS Lenoir, Inc",Lenoir,NC,80,Chicken Parts,1.0
M34195+P34195,"Gourmet Specialty Foods, LLC",North Andover,MA,60,Chicken Parts,1.0
M34227+P34227,S.D.J TRADING,Irvington,NJ,80,Chicken Parts,1.0
M34371+P34371,Union Foods LLC,Rocky Mount,NC,80,Chicken Parts,3.0
M34467+P34467+V34467,Shamrock Food Company,Commerce City,CO,15,Chicken Parts,1.0
M34495+P34495,J.J. Foodservice Inc.,Vista,CA,5,Chicken Parts,1.0
M34715+P34715,"Patterson TMP Operating, LLC",Fort Worth,TX,40,Chicken Parts,2.0
M38463+P38463,La Indi Poultry,City Of Industry,CA,5,Chicken Parts,1.0
M38468+P38468+V38468,Colorado Premium Foods,Denver,CO,15,Chicken Parts,1.0
M38494+P32145+V32145,"Emmaus Foods, LLC",Albertville,AL,90,Chicken Parts,1.0
M38511+P38511+V38511,"New S.B.L., Inc.",Chicago,IL,50,Chicken Parts,1.0
M38514+P38514,C & S Poultry,Monterey Park,CA,5,Chicken Parts,1.0
M38522+P38522,Metropolitan Foods,Wayne,NJ,80,Chicken Parts,1.0
M39891+P39891,Biloxi Beach Group LLC #1,Morton,MS,90,Chicken Parts,2.0
M39941+P39941,Casanova Market Inc.,West Babylon,NY,60,Chicken Parts,1.0
M40059+P40059,"Legendary Meats, LLC",Marietta,GA,85,Chicken Parts,1.0
M40181+P40181,A&J Meats,City Of Industry,CA,5,Chicken Parts,1.0
M40311+P40311,Mecca Halal Poultry,Astoria,NY,60,Chicken Parts,1.0
M40316+P40316+V40316,"Cal Chef Foods, LLC",Stockton,CA,5,Chicken Parts,1.0
M40316A+P40316A+V40316A,"CalChef Foods, LLC",Stockton,CA,5,Chicken Parts,3.0
M40367+P40367,"Shuler Meats, Inc.",Thomasville,NC,80,Chicken Parts,2.0
M40440A+P40440A,RYC Foods,San Antonio,TX,40,Chicken Parts,1.0
M4089+P4089+V4089,"Poultry Products of Manchester, LLC",Londonderry,NH,60,Chicken Parts,1.0
M4104+P4104,Palisades Ranch,Vernon,CA,5,Chicken Parts,1.0
M4121A+P4121A+V4121A,Custom Made Meals,Denver,CO,15,Chicken Parts,1.0
M4150+P4150,Tommy's Quality Meats,San Diego,CA,5,Chicken Parts,1.0
M4159+P4159,"HV Randall Foods, Inc.",Vernon,CA,5,Chicken Parts,1.0
M4177+P4177+I4177,"Leyen Food, LLC",La Puente,CA,5,Chicken Parts,3.0
M4181+P4181,"Mao Foods, Inc.",Los Angeles,CA,5,Chicken Parts,1.0
M4187+P4187+V4187,"Wayne Provisions Company, Inc.",Vernon,CA,5,Chicken Parts,2.0
M426+P17065,King Meat Service Inc.,Vernon,CA,5,Chicken Parts,1.0
M4398+P4398,"DiLuigi Foods, Inc",Danvers,MA,60,Chicken Parts,1.0
M44121+P44121,Pelleh Poultry Corp.,Swan Lake,NY,60,Chicken Parts,3.0
M44127+P44127,Adesa International LLC,Ontario,CA,5,Chicken Parts,3.0
M443+P443+V443,"Glenn Valley Foods, LLC.",Omaha,NE,15,Chicken Parts,1.0
M4460+P4460+V4460,Great American Foods,Newark,NJ,80,Chicken Parts,1.0
M44946+P44946,Romeo Foods Inc,Brooklyn,NY,60,Chicken Parts,1.0
M44976+P44976,Empacadora y Procesadora del Sur,Coamo,PR,85,Chicken Parts,1.0
M45056+P45056,L&G Food Inc.,El Monte,CA,5,Chicken Parts,1.0
M45080+P45080,Bas Foods Inc.,Hayward,CA,5,Chicken Parts,1.0
M45141+P45141,"Fieldsource Food Systems, Inc.",Brea,CA,5,Chicken Parts,1.0
M45179+P45179,Roger's Poultry,Los Angeles,CA,5,Chicken Parts,1.0
M45243+P45243,"Mama La's Kitchen, LLC",Houston,TX,40,Chicken Parts,1.0
M45288B+P45288B,FW Farms LLC.,Fort Worth,TX,40,Chicken Parts,1.0
M45345+P45345,JRC Culinary Group Inc.,Irwindale,CA,5,Chicken Parts,2.0
M45407+P45407,Ameripack Foods LLC,Hughes Springs,TX,40,Chicken Parts,1.0
M45420+P45420,Dockside Seafood,San Juan,PR,85,Chicken Parts,1.0
M45457+P45457,"J & Q Food, Inc.",Fort Worth,TX,40,Chicken Parts,3.0
M45465+P45465+V45465,Common Wealth Poultry Co,Gardiner,ME,60,Chicken Parts,3.0
M45484+P45484,Southern Hens Inc,Moselle,MS,90,Chicken Parts,1.0
M45530+P45530,Foodway,Shreveport,LA,40,Chicken Parts,1.0
M45565+P45565,"Farm Fresh Foods, LLC",Guntersville,AL,90,Chicken Parts,1.0
M45597+P45597,Premier Custom Foods,Kansas City,KS,35,Chicken Parts,1.0
M45616+P45616,Tasty Factory Corporation,South El Monte,CA,5,Chicken Parts,1.0
M45638+P45638,"Trilogy Foods, LLC",Braselton,GA,85,Chicken Parts,1.0
M45652+P45652,Shah's Halal Food & Products Inc.,Jamaica,NY,60,Chicken Parts,1.0
M45682+P45682+V45682,Sky Blue Enterprises LLC.,Chicago,IL,50,Chicken Parts,1.0
M45690+P45690,Selim's Doner Kebap House L.P.,Dallas,TX,40,Chicken Parts,1.0
M45721+P45721,Perfecto Foods Inc.,Bell,CA,5,Chicken Parts,1.0
M45754+P45754,"EL CHURRY, INC",San Juan,PR,85,Chicken Parts,1.0
M45769+P45769,Colorado Native Foods LLC,Denver,CO,15,Chicken Parts,1.0
M45855+P45855,Interstate Foods Inc.,Compton,CA,5,Chicken Parts,3.0
M45884+P45884,Chef Creations LLC,Forest Park,GA,85,Chicken Parts,1.0
M45891+P45891,Kassian Farms LLC,Bronx,NY,60,Chicken Parts,2.0
M46089+P46089+V46089,Caribbean Crescent Inc.,Baltimore,MD,80,Chicken Parts,1.0
M46231+P46231,"Del Rey Meat & Seafood, Inc.",Anaheim,CA,5,Chicken Parts,3.0
M46255+P46255,"Gemstone Ventures dba RCF, LLC or Gemstone Foods",Florence,AL,90,Chicken Parts,2.0
M46324A+P46324A+V46324A,Morning Star Poultry,Fort Plain,NY,60,Chicken Parts,1.0
M46370+P46370+V46370,Porthos Packaging LLC,Union,NJ,80,Chicken Parts,1.0
M46387+P46387,JNP Hawaii LLC,Honolulu,HI,15,Chicken Parts,1.0
M46498+P46498,"Westminster Meat Packing, Inc.",Westminster,VT,60,Chicken Parts,1.0
M4653+P4653,A.A. Rubashkin & Sons,Brooklyn,NY,60,Chicken Parts,1.0
M4653A+P4653A+V4653A,"Agri Star Meat and Poultry, LLC",Postville,IA,25,Chicken Parts,1.0
M46617+P46617,"Tusan Commodities, Inc",Lake City,GA,85,Chicken Parts,1.0
M46658+P46658+G46658,Central Protein Provisioners,Lewisburg,TN,90,Chicken Parts,1.0
M46689+P46689,Custom Cut Solutions,Albertville,AL,90,Chicken Parts,1.0
M46835+P46835,"Megas Yeeros, LLC",Lyndhurst,NJ,80,Chicken Parts,1.0
M46910+P46910+V46910,B & R Meat Processing,Winslow,AR,35,Chicken Parts,1.0
M46953+P46953,"Fresh Advantage / Demakes Enterprises, LLC",Danvers,MA,60,Chicken Parts,1.0
M47039+P47039,QC Poultry,Montebello,CA,5,Chicken Parts,1.0
M47082+P47082,"Tawa Services, Inc.",Buena Park,CA,5,Chicken Parts,1.0
M47300+P47300,"VSM NY Distribution, LLC/Fairway Market Distribution Center",Bronx,NY,60,Chicken Parts,1.0
M47311+P47311,"CAPTAIN REDS, INC",Vernon,CA,5,Chicken Parts,2.0
M47452+P47452,Glatt Organics LLC,Englewood,NJ,80,Chicken Parts,1.0
M47462+P47462,Colorado Food Enterprises Inc.,Denver,CO,15,Chicken Parts,1.0
M47472+P47472,"Pure Pasture Packing, LLC",Sedalia,MO,35,Chicken Parts,1.0
M47486+P47486,Ranchers Processing Inc.,Mendota,CA,5,Chicken Parts,1.0
M47579+P47579,Tyson Foods Inc.,Humboldt,TN,90,Chicken Parts,1.0
M47597+P47597,"Royalty Meats & Poultry, LLC",Rockaway,NJ,80,Chicken Parts,1.0
M47697+P47697,Kickin Chicken,Hardeeville,SC,85,Chicken Parts,1.0
M47793+P47793,Wycliff Douglas Provisions,Mesquite,TX,40,Chicken Parts,1.0
M47825+P47825,Mesa Foods,Rancho Cucamonga,CA,5,Chicken Parts,1.0
M47937+P47937,"US Meat Processing, LLC",Astoria,NY,60,Chicken Parts,1.0
M47988+P47988,The Meat Pointe LLC,Garfield,NJ,80,Chicken Parts,1.0
M4800+P4800+V4800,"Eddy Packing Co., Inc.",Yoakum,TX,40,Chicken Parts,1.0
M48109+P48109,Star Natural Meats LLC,Astoria,NY,60,Chicken Parts,1.0
M48119+P48119,Custom Craft Poultry,Batesville,AR,35,Chicken Parts,2.0
M48130+P48130,"GFP Processors, LLC",Ingram,TX,40,Chicken Parts,1.0
M48141+P48141,"Halperns' Steak and Seafood Company, LLC",Arlington,TX,40,Chicken Parts,1.0
M48209+P48209,"Wholesum Foods, LLC",South El Monte,CA,5,Chicken Parts,1.0
M48235+P48235+V48235,"Crescent Specialty Foods, LLC",Farmingdale,NY,60,Chicken Parts,1.0
M4828+P4828,A.I. Foods Corporation,Los Angeles,CA,5,Chicken Parts,1.0
M48281+P48281+V48281,"White Lake Foods, LLC",Ferndale,NY,60,Chicken Parts,1.0
M48286+P48286,Yassine Halal Food Corp,Astoria,NY,60,Chicken Parts,1.0
M4838+P4838,The Butcher Block Meats,San Diego,CA,5,Chicken Parts,1.0
M4847+P4847,Win Fat Food LLC,Monterey Park,CA,5,Chicken Parts,1.0
M4871+P4871,Golden Eagle Services,South Gate,CA,5,Chicken Parts,1.0
M4873+P4873,"Commercial Meat Company, Inc.",Pico Rivera,CA,5,Chicken Parts,1.0
M4894+P4894+V4894,Apple Valley Farms Inc.,Fresno,CA,5,Chicken Parts,1.0
M4934+P4934,T&J Sausage Kitchen,Anaheim,CA,5,Chicken Parts,1.0
M4985+P4985,"Modesto Food Distributors, Inc.",Hayward,CA,5,Chicken Parts,1.0
M5097+P5097,"Bayside Foods, Inc.",Providence,RI,60,Chicken Parts,3.0
M51212+P51212+V51212,Crossing Storage Services Inc.,Vernon,CA,5,Chicken Parts,1.0
M51255+P51255,Natural State Processing,Clinton,AR,35,Chicken Parts,1.0
M51354+P51354,Select Cut Meat Processing,Chicago,IL,50,Chicken Parts,1.0
M5142+P5142,Washington Avenue Poultry,Brooklyn,NY,60,Chicken Parts,2.0
M5221+P5221,"Home Food Services of PA, Inc.",Bristol,PA,60,Chicken Parts,1.0
M5275+P5275,Lupo's Quality Deli,Endicott,NY,60,Chicken Parts,1.0
M5489+P5489,"New Jersey Veal Co., Inc.",Garfield,NJ,80,Chicken Parts,1.0
M550+P18178+V18178,Sterling Pacific Meat Co.,Commerce,CA,5,Chicken Parts,1.0
M56+P56,Pilgrim's Pride Corporation,Timberville,VA,80,Chicken Parts,1.0
M5819+P5819+V5819,"Gourmet Ranch, LLC",Houston,TX,40,Chicken Parts,1.0
M5837+P5837,"Simmons Prepared Foods, Inc.",Van Buren,AR,35,Chicken Parts,3.0
M5842+P5842+V5842,"Tyson Foods, Inc.",Springdale,AR,35,Chicken Parts,1.0
M6010T+P6010T+V6010T,"National Steak Processors, LLC.",Owasso,OK,40,Chicken Parts,2.0
M6028A+P4114+V6028A,West Coast Prime Meats LLC,Brea,CA,5,Chicken Parts,1.0
M6070+P6070,Los Angeles Poultry,Los Angeles,CA,5,Chicken Parts,2.0
M6075+P6075+V6075,"E.C. Wilson Co., Inc.",Brier,WA,15,Chicken Parts,2.0
M6090+P6090,Rogers Poultry,Los Angeles,CA,5,Chicken Parts,1.0
M6124+P6124+V6124,"Compass Foods, Inc.",Modesto,CA,5,Chicken Parts,1.0
M6137+P6137,"Foster Poultry Farms, LLC",Livingston,CA,5,Chicken Parts,3.0
M6239+P6239+V6239,Shamrock Foods Company,Phoenix,AZ,5,Chicken Parts,1.0
M6267+P6267,Interbay Food Company,Woodinville,WA,15,Chicken Parts,2.0
M6574+P6574,Grand Western Brands,Fort Lauderdale,FL,85,Chicken Parts,1.0
M6640+P6640,"Kabobs Aquisition, LLC",Lake City,GA,85,Chicken Parts,1.0
M6645+P6645,Carolina Fresh Foods,Florence,SC,85,Chicken Parts,2.0
M667+P667,Mountaire Farms Inc.,Selbyville,DE,80,Chicken Parts,1.0
M6765+P6765,Wichita Packing Company,Chicago,IL,50,Chicken Parts,1.0
M689D+P689D,"Cooks Venture Poultry, Inc.",Decatur,AR,35,Chicken Parts,1.0
M6916+P6916+V6916,Amity Packing Co. Inc.,Chicago,IL,50,Chicken Parts,2.0
M6934+P6934,Stap Inc.,Wheeling,IL,50,Chicken Parts,2.0
M7011A+P7011A+V7011,"Creative Specialty Food Solutions, LLC  #2",Houston,TX,40,Chicken Parts,1.0
M7091A+P7091A,Pilgrim's Pride Corporation,Mount Pleasant,TX,40,Chicken Parts,2.0
M7100+P7100+V7100,"Tyson Foods, Inc.",Nashville,AR,35,Chicken Parts,1.0
M7147+P7147+V7147,4G Meat Processing LLC,Kansas City,MO,35,Chicken Parts,2.0
M7231+P7231,HEB Meat Plant,San Antonio,TX,40,Chicken Parts,1.0
M7271+P7271,"C & L Foods, Inc.",Dallas,TX,40,Chicken Parts,2.0
M737+P737,House of Raeford - Wallace Div,Teachey,NC,80,Chicken Parts,1.0
M7424+P184,Pilgrim's Pride Corporation,Elberton,GA,85,Chicken Parts,1.0
M7428+P7428+V7428,"Joyce Foods, Inc.",Winston Salem,NC,80,Chicken Parts,2.0
M7470+P7470,Mountaire Farms Inc. - NC Division,Lumber Bridge,NC,80,Chicken Parts,1.0
M7478+P1,"Tyson Foods, Inc.",Wilkesboro,NC,80,Chicken Parts,2.0
M7559+P134+V7559,David Elliot Poultry Farm Inc.,Scranton,PA,60,Chicken Parts,3.0
M7567+P7567,Wegmans Food Markets,Rochester,NY,60,Chicken Parts,2.0
M7900+P7900,"Prestige Farms, Inc.",Charlotte,NC,80,Chicken Parts,1.0
M7964+P7964,Columbia Meats. Inc.,West Columbia,SC,85,Chicken Parts,1.0
M810+P810,Pilgrim's Pride Corporation,Moorefield,WV,80,Chicken Parts,1.0
M8139+P8139,Red Bird Farms Dist. Co.,Englewood,CO,15,Chicken Parts,2.0
M8328+P8328,Halperns' Steak and Seafood,Fort Lauderdale,FL,85,Chicken Parts,2.0
M8389+P8389+V8389,Pasqualichio Bros. Inc.,Jessup,PA,60,Chicken Parts,1.0
M8406+P8406+V8406,Mennella'a Poultry,Paterson,NJ,80,Chicken Parts,1.0
M8466+P8466,Catelli Brothers,Sutton,MA,60,Chicken Parts,3.0
M8951+P8951+V8951,Quality Meats and Culinary Specialties,Detroit,MI,50,Chicken Parts,1.0
M8983+P8983,"Sysco Western Minnesota, Inc.",St Cloud,MN,25,Chicken Parts,1.0
M9120+P9120,Homestead Egg Company Inc,Knoxville,TN,90,Chicken Parts,2.0
M9141+P9141,Koch Foods of Mississippi,Forest,MS,90,Chicken Parts,2.0
M9211+P9211,"T & T Foods, Inc.",Vernon,CA,5,Chicken Parts,1.0
M9305+P9305,"Ray's Wholesale Meats, Inc.",Union Gap,WA,15,Chicken Parts,2.0
M9684+P9684,"KFS LFG, LLC",Millerton,PA,60,Chicken Parts,1.0
M9783+P8422,"Schiff's Restaurant Service, Inc.",Scranton,PA,60,Chicken Parts,1.0
P1009,Wayne Farms LLC,Danville,AR,35,Chicken Parts,1.0
P1012,"Hodie Meats, INC",Alto,GA,85,Chicken Parts,2.0
P1137,"Tyson Foods, Inc.",Seguin,TX,40,Chicken Parts,1.0
P1235,Wayne Farms LLC,Decatur,AL,90,Chicken Parts,1.0
P1241,"Tyson Foods, Inc.",Corydon,IN,50,Chicken Parts,1.0
P1243,"Perdue Foods, LLC.",Rockingham,NC,80,Chicken Parts,1.0
P1249,"George's Chicken, LLC",Edinburg,VA,80,Chicken Parts,2.0
P1250,Fieldale Farms Corporation,Cornelia,GA,85,Chicken Parts,2.0
P1257,Fieldale Farms Corporation,Murrayville,GA,85,Chicken Parts,1.0
P1272,Pilgrim's Pride Corporation,Douglas,GA,85,Chicken Parts,1.0
P1284,Pilgrim's Pride Corporation,Canton,GA,85,Chicken Parts,1.0
P1294+V1294,Holmes Foods Inc.,Nixon,TX,40,Chicken Parts,1.0
P1307,Mar-Jac Poultry-AL,Jasper,AL,90,Chicken Parts,2.0
P1309,House of Raeford Farms Inc.,Greenville,SC,85,Chicken Parts,1.0
P1315,"Tyson Foods, Inc.",Monett,MO,35,Chicken Parts,1.0
P1317+V1317,Wayne Farms LLC,Albertville,AL,90,Chicken Parts,1.0
P1318,"Perdue Foods, LLC",Milford,DE,80,Chicken Parts,2.0
P13369+V13369,"George's Processing, Inc.",Cassville,MO,35,Chicken Parts,1.0
P1353,Pilgrim's Pride Corporation,Chattanooga,TN,90,Chicken Parts,1.0
P13584+V13584,George's Further Processing,Springdale,AR,35,Chicken Parts,3.0
P1480,"Tip Top Poultry, Inc.",Marietta,GA,85,Chicken Parts,2.0
P1525,"Samuel Holmes, Inc.",Everett,MA,60,Chicken Parts,3.0
P15724+V15724,Case Farms Processing,Winesburg,OH,50,Chicken Parts,1.0
P164,Tyson Foods Inc,Forest,MS,90,Chicken Parts,1.0
P165H,Bachoco OK Foods,Heavener,OK,40,Chicken Parts,1.0
P165M+V165M,Bachoco OK Foods,Muldrow,OK,35,Chicken Parts,2.0
P165S+V165S,Bachoco OK Foods,Fort Smith,AR,35,Chicken Parts,1.0
P170,Wayne Farms LLC,Pendergrass,GA,85,Chicken Parts,2.0
P17336,"ROYAL POULTRY, INC.",Cranston,RI,60,Chicken Parts,1.0
P17340,Pilgrim's Pride Corporation,Hickory,KY,90,Chicken Parts,2.0
P17500,Pilgrim's Pride Corporation,Russellville,AL,90,Chicken Parts,1.0
P177,Pilgrim's Pride Corporation,Gainesville,GA,85,Chicken Parts,1.0
P18285,Perdue Foods LLC,Dillon,SC,85,Chicken Parts,2.0
P18414,MB Consultants LTD,South Fallsburg,NY,60,Chicken Parts,1.0
P18438B,"Dupont Market, Inc. dba Grimaud Farms",Stockton,CA,5,Chicken Parts,3.0
P18491,"EASTERN SHORE POULTRY COMPANY, INC",Georgetown,DE,80,Chicken Parts,1.0
P18557,"Sanderson Farms, Inc.",Summit,MS,90,Chicken Parts,1.0
P18873,"Tyson Foods, Inc.",Vienna,GA,85,Chicken Parts,1.0
P18978,Misty Knoll Farms,New Haven,VT,60,Chicken Parts,1.0
P19112,Perdue Foods LLC,Cromwell,KY,90,Chicken Parts,1.0
P19128,Case Farms Processing,Dudley,NC,80,Chicken Parts,1.0
P19150+V19150,La Belle Farm Inc,Ferndale,NY,60,Chicken Parts,3.0
P19152+V19152,Koch Foods LLC,Morristown,TN,90,Chicken Parts,2.0
P192,Pilgrim's Pride Corporation,Guntersville,AL,90,Chicken Parts,1.0
P19378,Koch Foods of Cumming Georgia,Cumming,GA,85,Chicken Parts,3.0
P19456A,"Rio Star Foods, Inc.",Dallas,TX,40,Chicken Parts,1.0
P1949,"Simmons Prepared Foods, Inc.",Gentry,AR,35,Chicken Parts,1.0
P19514,"Tyson Foods, Inc.",Robards,KY,90,Chicken Parts,1.0
P19688+V19688,"Sanderson Farms, Inc.",Bryan,TX,40,Chicken Parts,1.0
P1978,Pasture Raised Foods LLC,Elgin,TX,40,Chicken Parts,1.0
P19865+V19865,House of Raeford Farms of LA,Arcadia,LA,40,Chicken Parts,1.0
P19871,Filet of Chicken,Forest Park,GA,85,Chicken Parts,1.0
P20245,"Keystone Foods, LLC",Albany,KY,90,Chicken Parts,1.0
P20256,Broomes Poultry,Albemarle,NC,80,Chicken Parts,1.0
P206+V206,Pilgrim's Pride Corporation,Nacogdoches,TX,40,Chicken Parts,1.0
P20604,"Gerber Poultry, Inc.",Kidron,OH,50,Chicken Parts,3.0
P20699A,"Alatrade Foods, Inc.",Boaz,AL,90,Chicken Parts,3.0
P208+V208,"George's Processing, Inc.",Springdale,AR,35,Chicken Parts,2.0
P21234,Perdue Foods LLC,Perry,GA,85,Chicken Parts,1.0
P2178,PERDUE FOODS LLC,Georgetown,DE,80,Chicken Parts,1.0
P218,Pilgrim's Pride Corporation,Lufkin,TX,40,Chicken Parts,1.0
P2186,"GEORGE'S FOODS, LLC",Harrisonburg,VA,80,Chicken Parts,3.0
P243,"Tyson Foods, Inc.",Cumming,GA,85,Chicken Parts,1.0
P247,"Sanderson Farms, Inc. (Processing Div)",Hazlehurst,MS,90,Chicken Parts,1.0
P2632,Pilgrim's Pride Corporation,Live Oak,FL,85,Chicken Parts,1.0
P2686,"Keystone Foods, LLC",Camilla,GA,85,Chicken Parts,1.0
P27+V27,"Tyson Foods, Inc.",Grannis,AR,35,Chicken Parts,2.0
P2882,Perdue Foods LLC,Petaluma,CA,5,Chicken Parts,1.0
P2894,House of Raeford Vienna,Vienna,GA,85,Chicken Parts,1.0
P308,Koch Foods of Mississippi,Morton,MS,90,Chicken Parts,1.0
P31881+V31881,"DG Foods, LLC",Hazlehurst,MS,90,Chicken Parts,2.0
P32,"Mar-Jac Poultry, Inc.",Gainesville,GA,85,Chicken Parts,1.0
P320,"Sanderson Farms, Inc.",Laurel,MS,90,Chicken Parts,1.0
P32143,Otto's Poultry Inc.,Middleville,MI,50,Chicken Parts,3.0
P32174,"Alatrade Foods, Inc.",Albertville,AL,90,Chicken Parts,2.0
P32182,"Sanderson Farms, Inc.",Moultrie,GA,85,Chicken Parts,1.0
P325,"Tyson Foods, Inc.",Center,TX,40,Chicken Parts,1.0
P33900+V33900,"Foster Poultry Farms, LLC",Farmerville,LA,40,Chicken Parts,2.0
P34084,Edmunds Foods,Dahlonega,GA,85,Chicken Parts,2.0
P34308,"Sanderson Farms, Inc.",Waco,TX,40,Chicken Parts,1.0
P34453,"Alatrade Foods, Inc.",Phenix City,AL,90,Chicken Parts,1.0
P34805,Gold Creek Processing LLC,Gainesville,GA,85,Chicken Parts,2.0
P38555,Anco Poultry Processing,Garnett,KS,35,Chicken Parts,3.0
P39,Pine Manor Inc.,Orland,IN,50,Chicken Parts,1.0
P39915+V39915,"LOCUST POINT FARMS, LLC",Elkton,MD,80,Chicken Parts,3.0
P40,Pilgrim's Pride Corporation,Ellijay,GA,85,Chicken Parts,1.0
P40124,Gold Creek Processing LLC,Gainesville,GA,85,Chicken Parts,1.0
P40183,"Sanderson Farms, Inc.",Kinston,NC,80,Chicken Parts,2.0
P40345,Misty Lea Farm Poultry Processing,Pembroke,KY,90,Chicken Parts,1.0
P419,"Case Farms Processing, Inc.",Morganton,NC,80,Chicken Parts,1.0
P44097,"DG Foods, LLC",Bastrop,LA,40,Chicken Parts,2.0
P445,"Wayne Farms, LLC",Dobson,NC,80,Chicken Parts,2.0
P44817,"Chick-A-Ray Poultry & Egg Co., Inc.",Albemarle,NC,80,Chicken Parts,1.0
P44826,Case Farms Processing,Canton,OH,50,Chicken Parts,1.0
P44935,Gold Creek Processing LLC,Gainesville,GA,85,Chicken Parts,1.0
P44974+V44974,Goffle Road Poultry Farm,Wyckoff,NJ,80,Chicken Parts,1.0
P44992,Windy Meadows Family Farm,Campbell,TX,40,Chicken Parts,3.0
P45342+V45342,"Munsell's Poultry Processing, LLC",Fowlerville,MI,50,Chicken Parts,1.0
P45379,"Brakebush Hartwell, LLC",Hartwell,GA,85,Chicken Parts,1.0
P45483,"Peco Foods, Inc.",Pocahontas,AR,35,Chicken Parts,2.0
P45910,"Sanderson Farms, Inc.",St Pauls,NC,80,Chicken Parts,1.0
P46027,"Gold Creek Processing, LLC",Gainesville,GA,85,Chicken Parts,1.0
P4602A,"NEW MARKET POULTRY, LLC",New Market,VA,80,Chicken Parts,3.0
P46091,"Ozark Mountain Poultry, Inc.",Batesville,AR,35,Chicken Parts,1.0
P46183,C &S Poultry,Monterey Park,CA,5,Chicken Parts,1.0
P46213,Burgundy Pasture Poultry LLC,Hillsboro,TX,40,Chicken Parts,2.0
P46338,"Allen Harim Foods, LLC",Millsboro,DE,80,Chicken Parts,3.0
P46374,Sanderson Farms Processing Inc. Tyler Processing Division,Tyler,TX,40,Chicken Parts,1.0
P46379+V46379,"Peco Foods, Inc",West Point,MS,90,Chicken Parts,1.0
P46672,Norman W. Fries,Sylvania,GA,85,Chicken Parts,2.0
P468,"Peco Foods, Inc.",Batesville,AR,35,Chicken Parts,1.0
P46826,SHENANDOAH VALLEY ORGANIC,Harrisonburg,VA,80,Chicken Parts,2.0
P46826A,"Shenandoah Valley Organic, LLC",Harrisonburg,VA,80,Chicken Parts,1.0
P46897,"IHSAN FARMS, IIC",Princess Anne,MD,80,Chicken Parts,3.0
P46973,Zahran Import Export Wholesale Inc.,Long Island City,NY,60,Chicken Parts,1.0
P47016,"The Best Dressed Chicken, Inc.",Ward,SC,85,Chicken Parts,1.0
P47591,Custom Craft Poultry,Little Rock,AR,35,Chicken Parts,2.0
P476,Pilgrim's Pride Corporation,Carrollton,GA,85,Chicken Parts,2.0
P47629,"Soulshine Farms, LLC",Gainesville,GA,85,Chicken Parts,2.0
P47671,D & L Poultry Enterprises,Pico Rivera,CA,5,Chicken Parts,2.0
P47754,HM Halal Distribution,Hollis/Queens,NY,60,Chicken Parts,1.0
P47824,Regenerative Agriculture Alliance,Stacyville,IA,25,Chicken Parts,1.0
P47981,Carolina Precision Foods,Florence,SC,85,Chicken Parts,3.0
P47998+V47998,Pure Prairie Poultry Inc.,Charles City,IA,25,Chicken Parts,2.0
P48304,Lincoln Premium Poultry,Fremont,NE,15,Chicken Parts,2.0
P48471,Soulshine Farms LLC,Gainesville,GA,85,Chicken Parts,1.0
P486,"Simmons Prepared Foods, Inc.",Siloam Springs,AR,35,Chicken Parts,1.0
P509,Koch Foods LLC,Morristown,TN,90,Chicken Parts,2.0
P510,House Of Raeford Farms,Rose Hill,NC,80,Chicken Parts,1.0
P51179+V51179,"Sanderson Farms, Inc.",Palestine,TX,40,Chicken Parts,1.0
P51345,Pearl River Foods,Carthage,MS,90,Chicken Parts,2.0
P517,Mar-Jac Poultry-MS,Hattiesburg,MS,90,Chicken Parts,1.0
P519,Amick Farms LLC,Laurel,MS,90,Chicken Parts,1.0
P522,"Sanderson Farms, Inc. (Processing Div)",Collins,MS,90,Chicken Parts,1.0
P529+V529,Pilgrim's Pride Corporation,Arcadia,WI,25,Chicken Parts,1.0
P533,"Table Trust Brands, LLC, DBA FreeBird",Fredericksburg,PA,60,Chicken Parts,1.0
P533A,"Table Trust Brands, LLC",Fredericksburg,PA,60,Chicken Parts,1.0
P548,"JCG  Foods of Alabama, LLC",Collinsville,AL,90,Chicken Parts,2.0
P559,"Tyson Foods, Inc.",Albertville,AL,90,Chicken Parts,1.0
P5787,Pilgrim's Pride Corporation,Natchitoches,LA,40,Chicken Parts,1.0
P5840,"Simmons Prepared Foods, Inc.",Fort Smith,AR,35,Chicken Parts,1.0
P6058,Perdue Foods LLC,Mount Vernon,WA,15,Chicken Parts,1.0
P607,"Tyson Foods, Inc.",Rogers,AR,35,Chicken Parts,1.0
P6137A,"Foster Poultry Farms, LLC",Fresno,CA,5,Chicken Parts,3.0
P6164A,"Foster Poultry Farms, LLC",Kelso,WA,15,Chicken Parts,3.0
P622,"Tyson Foods, Inc.",Monroe,NC,80,Chicken Parts,1.0
P646,"JCG Foods of Georgia, LLC",Pine Mt Valley,GA,85,Chicken Parts,1.0
P6504,"Peco Foods, Inc.",Tuscaloosa,AL,90,Chicken Parts,1.0
P6505,"Norman W. Fries, Inc.",Claxton,GA,85,Chicken Parts,2.0
P6510,"Peco Foods, Inc",Bay Springs,MS,90,Chicken Parts,1.0
P6519B,"Coastal Processing, LLC",Louisville,GA,85,Chicken Parts,1.0
P6529,"Koch Foods of  Montgomery, AL",Montgomery,AL,90,Chicken Parts,1.0
P6616+V6616,"Peco Foods, Inc.",Sebastopol,MS,90,Chicken Parts,1.0
P6638,Pilgrim's Pride Corporation,Enterprise,AL,90,Chicken Parts,2.0
P6651,Tyson Foods Inc.,Shelbyville,TN,90,Chicken Parts,1.0
P6666,"Koch Foods of Gadsden, LLC",Gadsden,AL,90,Chicken Parts,2.0
P6719+V6719,Pilgrim's Pride Corporation,Chattanooga,TN,90,Chicken Parts,1.0
P687,House of Raeford,West Columbia,SC,85,Chicken Parts,1.0
P689+V689,"Cooks Venture Poultry Jay, Inc.",Jay,OK,40,Chicken Parts,1.0
P7044,"Tyson Foods, Inc.",Carthage,TX,40,Chicken Parts,1.0
P705,Pilgrim's Pride Corporation,De Queen,AR,35,Chicken Parts,1.0
P7085+V7085,"Tyson Foods, Inc",Broken Bow,OK,40,Chicken Parts,1.0
P7091,Pilgrim's Pride Corporation,Mount Pleasant,TX,40,Chicken Parts,1.0
P7101,"Tyson Foods, Inc.",Clarksville,AR,35,Chicken Parts,2.0
P7156+V7156,"Tyson Foods, Inc.",Hope,AR,35,Chicken Parts,1.0
P72,"Tyson Foods, Inc",Dardanelle,AR,35,Chicken Parts,2.0
P7264+V7264,"Sanderson Farms, Inc.",Hammond,LA,40,Chicken Parts,1.0
P727+V727,"Simmons Prepared Foods, Inc.",South West City,MO,35,Chicken Parts,2.0
P7342+V7342,Wayne Farms LLC,Dothan,AL,90,Chicken Parts,1.0
P7374,"To-Ricos, Ltd.",Aibonito,PR,85,Chicken Parts,1.0
P7485+V7485,Wayne Farms LLC,Jack,AL,90,Chicken Parts,2.0
P758,"Tyson Foods, Inc",Carthage,MS,90,Chicken Parts,1.0
P7632,"Foster Poultry Farms, LLC",Fresno,CA,5,Chicken Parts,2.0
P764,"Perdue Foods, LLC",Salisbury,MD,80,Chicken Parts,1.0
P768+V768,"Tyson Foods, Inc.",Waldron,AR,35,Chicken Parts,2.0
P7903,"Perdue Foods, LLC",Accomac,VA,80,Chicken Parts,1.0
P7927,"AMICK FARMS, LLC",Hurlock,MD,80,Chicken Parts,1.0
P794,"B&B Poultry Co., Inc.",Norma,NJ,80,Chicken Parts,1.0
P7987,"Amick Farms, LLC",Batesburg,SC,85,Chicken Parts,1.0
P806,"Tyson Foods, Inc.",Temperanceville,VA,80,Chicken Parts,1.0
P8107+V8107,Squab Producers Of California,Modesto,CA,5,Chicken Parts,1.0
P843,Pilgrim's Pride Corporation,Marshville,NC,80,Chicken Parts,1.0
P855D,Pilgrim's Pride Corporation,Athens,GA,85,Chicken Parts,2.0
P890,"Peco Foods, Inc.",Canton,MS,90,Chicken Parts,1.0
P9002,A. Tarantino & Sons,San Francisco,CA,5,Chicken Parts,1.0
P910,"Harrison Poultry, Inc.",Bethlehem,GA,85,Chicken Parts,1.0
P912,Wayne Farms LLC,Union Springs,AL,90,Chicken Parts,1.0
P9181,Koch Foods of Gainesville GA,Gainesville,GA,85,Chicken Parts,2.0
P9197,"Perdue Foods, LLC.",Lewiston Woodville,NC,80,Chicken Parts,2.0
P935,Allen Harim LLC,Harbeson,DE,80,Chicken Parts,1.0
P9917,Philadelphia Poultry Incorporated,Philadelphia,PA,60,Chicken Parts,1.0
M10017+P10017,Bert Hazekamp & Son Inc.,Muskegon,MI,50,Comminuted Chicken,2.0
M12604+P12604,Mulberry Farms Inc.,Gainesville,GA,85,Comminuted Chicken,3.0
M13199+P13199,Chorizo de San Manuel Inc.,Edinburg,TX,40,Comminuted Chicken,1.0
M1542+P1542,Isernio's Sausage Co.,Kent,WA,15,Comminuted Chicken,1.0
M1638+P1638,"Kemin Proteins, LLC",Verona,MO,35,Comminuted Chicken,1.0
M17124+P17124,Prison Industry Authority/Mule Creek State Prison,Ione,CA,5,Comminuted Chicken,1.0
M17217A+P6403A+V17217A,Plymouth Poultry Co.,Auburn,WA,15,Comminuted Chicken,2.0
M17480+P17480,Ramar International Corporation,Pittsburg,CA,5,Comminuted Chicken,1.0
M1791+P27353,"Best Chicago Meat Company, LLC",Chicago,IL,50,Comminuted Chicken,3.0
M18237+P18237,"Vital Foods, LLC",Abbeville,SC,85,Comminuted Chicken,3.0
M18388+P18388,Kayem Foods Inc.,Woburn,MA,60,Comminuted Chicken,1.0
M18506+P18506,Pride Enterprise Food Products,Raiford,FL,85,Comminuted Chicken,1.0
M18527+P18527,Prime Meats LLC,Tucker,GA,85,Comminuted Chicken,1.0
M18726+P18726,La Bella Sausage,Brooksville,FL,85,Comminuted Chicken,1.0
M18895+P18895,"US Foods, Inc.",Hawthorne,CA,5,Comminuted Chicken,1.0
M18994+P18994,The 29ers Provisions,Los Angeles,CA,5,Comminuted Chicken,3.0
M19113+P19113+V19113,"Stampede Culinary Partners, Inc.",Bridge View,IL,50,Comminuted Chicken,1.0
M1991+P1991,"Wonder Meats Snyder, LLC",Snyder,NE,15,Comminuted Chicken,2.0
M20091+P20091,Country Ranch Food Products,Marietta,GA,85,Comminuted Chicken,3.0
M20204+P20204+V20204,Denmark Foods,Peoria,AZ,5,Comminuted Chicken,1.0
M21207+P21207+V21207,Lorentz Etc. Inc.,Cannon Falls,MN,25,Comminuted Chicken,1.0
M2199+P2199,"Omni Custom Meats, Inc.",Bowling Green,KY,90,Comminuted Chicken,3.0
M244C+P244C,"Tyson Fresh Meats, Inc.",Council Bluffs,IA,25,Comminuted Chicken,3.0
M27389+P27389+V27389,Pitman Farms,Sanger,CA,5,Comminuted Chicken,3.0
M27505+P27505,"Gold Creek Processing, LLC",Dawsonville,GA,85,Comminuted Chicken,1.0
M2846+P2846+V2846A,Far West Meats,San Bernadino,CA,5,Comminuted Chicken,1.0
M2933+P2933+V2933,"Syracuse Food Group, LLC",Ponder,TX,40,Comminuted Chicken,1.0
M31843+P31843,James River Correctional Ctr.,State Farm,VA,80,Comminuted Chicken,3.0
M32170+P32170,Ganaderos Borges Inc.,Naguabo,PR,85,Comminuted Chicken,1.0
M412+P412,Alpine Meats Inc.,Stockton,CA,5,Comminuted Chicken,1.0
M4398+P4398,"DiLuigi Foods, Inc",Danvers,MA,60,Comminuted Chicken,1.0
M44976+P44976,Empacadora y Procesadora del Sur,Coamo,PR,85,Comminuted Chicken,1.0
M451B+P451B,"Sterling Foods, Inc.",Opa Locka,FL,85,Comminuted Chicken,1.0
M45243+P45243,"Mama La's Kitchen, LLC",Houston,TX,40,Comminuted Chicken,1.0
M45530+P45530,Foodway,Shreveport,LA,40,Comminuted Chicken,1.0
M46966+P46966,Encore Sausage Company,Hyattsville,MD,80,Comminuted Chicken,3.0
M47307+P47307,"Shahs Halal New Horizons Processing, Inc.",Amityville,NY,60,Comminuted Chicken,1.0
M47825+P47825,Mesa Foods,Rancho Cucamonga,CA,5,Comminuted Chicken,1.0
M48235+P48235+V48235,"Crescent Specialty Foods, LLC",Farmingdale,NY,60,Comminuted Chicken,1.0
M48272+P48272,Inland Seafood Corporation,Birmingham,AL,90,Comminuted Chicken,1.0
M4846+P4846,Heatherfield Foods Inc.,Ontario,CA,5,Comminuted Chicken,3.0
M4934+P4934,T&J Sausage Kitchen,Anaheim,CA,5,Comminuted Chicken,1.0
M5268+P5268,"Cola Foods, LLC",Cranston,RI,60,Comminuted Chicken,3.0
M5351+P5351,Martin's Specialty Sausage Company Inc.,Mickleton,NJ,80,Comminuted Chicken,3.0
M5369+P5369,"Numeat Packing, Inc.",San Juan,PR,85,Comminuted Chicken,1.0
M549+P549,"Tyson Foods, Inc.",Springdale,AR,35,Comminuted Chicken,1.0
M5562+P5562+V5562,S&S Quality Meats,Emporia,KS,35,Comminuted Chicken,2.0
M5697+P5697+V5697,Swanson Meat Co.,Minneapolis,MN,25,Comminuted Chicken,1.0
M5916+P5916+V5916,Longhini LLC,New Haven,CT,60,Comminuted Chicken,1.0
M6056A+P6056A,Schenk Packing Company Warehouse,Mount Vernon,WA,15,Comminuted Chicken,3.0
M6154+P6154,Caggiano Company,Sebastopol,CA,5,Comminuted Chicken,1.0
M6692+P6692,"Marvel International, Inc.",Guaynabo,PR,85,Comminuted Chicken,1.0
M6744+P6744,Segarra's Sausage,Moca,PR,85,Comminuted Chicken,1.0
M6765+P6765,Wichita Packing Company,Chicago,IL,50,Comminuted Chicken,1.0
M7231+P7231,HEB Meat Plant,San Antonio,TX,40,Comminuted Chicken,3.0
M7428+P7428+V7428,"Joyce Foods, Inc.",Winston Salem,NC,80,Comminuted Chicken,2.0
M7834+P7834,"Premio Foods, Inc.",Union City,NJ,80,Comminuted Chicken,1.0
M7877A+P7877A+V7877A,Rastelli,Swedsboro,NJ,80,Comminuted Chicken,1.0
M8139+P8139,Red Bird Farms Dist. Co.,Englewood,CO,15,Comminuted Chicken,2.0
M8984+P8984,"Provimi Foods, Inc.",Seymour,WI,25,Comminuted Chicken,1.0
M9145H+P9145H,Flanders Provision,Hastings,NE,15,Comminuted Chicken,1.0
M9179+P9179,"Uncle John's Pride, LLC",Tampa,FL,85,Comminuted Chicken,1.0
M9792+P9792,Stoltzfus Meats Inc.,Gordonville,PA,60,Comminuted Chicken,1.0
P1243,"Perdue Foods, LLC.",Rockingham,NC,80,Comminuted Chicken,2.0
P1250,Fieldale Farms Corporation,Cornelia,GA,85,Comminuted Chicken,3.0
P20604,"Gerber Poultry, Inc.",Kidron,OH,50,Comminuted Chicken,3.0
P2178,PERDUE FOODS LLC,Georgetown,DE,80,Comminuted Chicken,3.0
P243,"Tyson Foods, Inc.",Cumming,GA,85,Comminuted Chicken,1.0
P2632,Pilgrim's Pride Corporation,Live Oak,FL,85,Comminuted Chicken,1.0
P286,Perdue Foods LLC,Washington,IN,50,Comminuted Chicken,1.0
P39915+V39915,"LOCUST POINT FARMS, LLC",Elkton,MD,80,Comminuted Chicken,3.0
P47981,Carolina Precision Foods,Florence,SC,85,Comminuted Chicken,1.0
P794,"B&B Poultry Co., Inc.",Norma,NJ,80,Comminuted Chicken,2.0
M1015+P1015+V1015,"Empire Kosher Poultry, Inc.",Mifflintown,PA,60,Young Turkey Carcasses,1.0
M13289+P963,Cargill Meat Solutions,Springdale,AR,35,Young Turkey Carcasses,1.0
M1655+P1655+V1655,"Rashbe Holdings, Inc.",Birdsboro,PA,60,Young Turkey Carcasses,1.0
M18866+P551,"Jennie-O Turkey Store Sales, LLC",Willmar,MN,25,Young Turkey Carcasses,1.0
M18909+P157,"Foster Poultry Farms, LLC",Turlock,CA,5,Young Turkey Carcasses,1.0
M190+P190+V190,"Jennie-O Turkey Store, Inc.",Barron,WI,25,Young Turkey Carcasses,1.0
M19232+P19232+V19232,"Bowman & Landes Turkeys, Inc.",New Carlisle,OH,50,Young Turkey Carcasses,1.0
M20446+P20446+V20446,Central Illinois Poultry Processing LLC,Arthur,IL,50,Young Turkey Carcasses,1.0
M20935+P20935,"Michigan Turkey Producers Co-op, Inc.",Wyoming,MI,50,Young Turkey Carcasses,1.0
M2130+P2130,Cooper Farms Processing,St. Henry,OH,50,Young Turkey Carcasses,1.0
M27389+P27389+V27389,Pitman Farms,Sanger,CA,5,Young Turkey Carcasses,1.0
M31727+P31727+V31727A,Kiryas Joel Poultry Processing Plant,Monroe,NY,60,Young Turkey Carcasses,1.0
M32130+P32130+V32130,Dakota Provisions LLC,Huron,SD,25,Young Turkey Carcasses,1.0
M4653A+P4653A+V4653A,"Agri Star Meat and Poultry, LLC",Postville,IA,25,Young Turkey Carcasses,1.0
M544+P544,Jennie-O Turkey Store,Melrose,MN,25,Young Turkey Carcasses,1.0
M5533+P5533+V5533,"West Liberty Foods, LLC",West Liberty,IA,25,Young Turkey Carcasses,1.0
M579+P579+V579,Jennie-O Turkey Store,Faribault,MN,25,Young Turkey Carcasses,1.0
M7345+P7345,"Butterball, LLC",Mount Olive,NC,80,Young Turkey Carcasses,1.0
M751+P1049,Pitman Farms Inc. (Moroni Turkey Processing),Moroni,UT,15,Young Turkey Carcasses,1.0
M757+P757+V757,The Hillshire Brands Company,Storm Lake,IA,25,Young Turkey Carcasses,1.0
P1096A,"VPGC,LLC",Hinton,VA,80,Young Turkey Carcasses,1.0
P1209,Whitewater Processing LLC,Harrison,OH,50,Young Turkey Carcasses,1.0
P17734,Stonewood Farm Inc.,Orwell,VT,60,Young Turkey Carcasses,1.0
P18,Cargill Meat Solutions,Dayton,VA,80,Young Turkey Carcasses,1.0
P18978,Misty Knoll Farms,New Haven,VT,60,Young Turkey Carcasses,1.0
P22000,"Prestage Foods, Inc.",St Pauls,NC,80,Young Turkey Carcasses,1.0
P244+V244A,Plainville Farms,New Oxford,PA,60,Young Turkey Carcasses,1.0
P286,Perdue Foods LLC,Washington,IN,50,Young Turkey Carcasses,1.0
P38466,Sensenig Turkey Farm LLC,Lititz,PA,60,Young Turkey Carcasses,1.0
P425+V425,"Northern Pride, Inc.",Thief River Falls,MN,25,Young Turkey Carcasses,1.0
P44974+V44974,Goffle Road Poultry Farm,Wyckoff,NJ,80,Young Turkey Carcasses,1.0
P45131,"Farbest Foods, Inc.",Vincennes,IN,50,Young Turkey Carcasses,1.0
P460+V460,Jaindl Turkey Sales Inc,Orefield,PA,60,Young Turkey Carcasses,1.0
P511,"Butterball, LLC",Ozark,AR,35,Young Turkey Carcasses,1.0
P7174,"Butterball, LLC",Huntsville,AR,35,Young Turkey Carcasses,1.0
P7669,"Turkey Valley Farms, Inc.",Marshall,MN,25,Young Turkey Carcasses,1.0
P7769,"Farbest Foods, Inc.",Huntingburg,IN,50,Young Turkey Carcasses,1.0
P8437,Koch's Turkey Farm,Tamaqua,PA,60,Young Turkey Carcasses,1.0
P850,"PRESTAGE FOODS of SC, LLC",Camden,SC,85,Young Turkey Carcasses,1.0
P9332,Diestel Turkey Ranch,Sonora,CA,5,Young Turkey Carcasses,1.0
P961,Cargill Meat Solutions,California,MO,35,Young Turkey Carcasses,1.0
M1015+P1015+V1015,"Empire Kosher Poultry, Inc.",Mifflintown,PA,60,Comminuted Turkey,2.0
M13289+P963,Cargill Meat Solutions,Springdale,AR,35,Comminuted Turkey,3.0
M15841+P15841,DiRusso's Sausage Incorporated,Youngstown,OH,50,Comminuted Turkey,1.0
M17105+P17105,Uncle Charley's Sausage Co. LLC,Vandergrift,PA,60,Comminuted Turkey,1.0
M1791+P27353,"Best Chicago Meat Company, LLC",Chicago,IL,50,Comminuted Turkey,1.0
M18506+P18506,Pride Enterprise Food Products,Raiford,FL,85,Comminuted Turkey,1.0
M18726+P18726,La Bella Sausage,Brooksville,FL,85,Comminuted Turkey,2.0
M18866+P551,"Jennie-O Turkey Store Sales, LLC",Willmar,MN,25,Comminuted Turkey,1.0
M18909+P157,"Foster Poultry Farms, LLC",Turlock,CA,5,Comminuted Turkey,2.0
M190+P190+V190,"Jennie-O Turkey Store, Inc.",Barron,WI,25,Comminuted Turkey,2.0
M20935+P20935,"Michigan Turkey Producers Co-op, Inc.",Wyoming,MI,50,Comminuted Turkey,3.0
M21207+P21207+V21207,Lorentz Etc. Inc.,Cannon Falls,MN,25,Comminuted Turkey,1.0
M2130+P2130,Cooper Farms Processing,St. Henry,OH,50,Comminuted Turkey,1.0
M31727+P31727+V31727A,Kiryas Joel Poultry Processing Plant,Monroe,NY,60,Comminuted Turkey,1.0
M4027+P4027+V4027,NPC Processing Inc.,Shelburne,VT,60,Comminuted Turkey,1.0
M4398+P4398,"DiLuigi Foods, Inc",Danvers,MA,60,Comminuted Turkey,1.0
M4460+P4460+V4460,Great American Foods,Newark,NJ,80,Comminuted Turkey,1.0
M46205+P46205+V46205,Dakota Provisions - West,Huron,SD,25,Comminuted Turkey,2.0
M4686+P4686+V4686,"Arctic Foods USA, LLC",Washington,NJ,80,Comminuted Turkey,1.0
M46870+P46870,"Butterball, LLC",Raeford,NC,80,Comminuted Turkey,3.0
M4934+P4934,T&J Sausage Kitchen,Anaheim,CA,5,Comminuted Turkey,1.0
M5067+P5067,Kingsland Meat Distributors Inc.,Woodland Park,NJ,80,Comminuted Turkey,1.0
M5292+P5292,"G & L Meat Company, Inc.",North Syracuse,NY,60,Comminuted Turkey,1.0
M5351+P5351,Martin's Specialty Sausage Company Inc.,Mickleton,NJ,80,Comminuted Turkey,1.0
M579+P579+V579,Jennie-O Turkey Store,Faribault,MN,25,Comminuted Turkey,1.0
M5916+P5916+V5916,Longhini LLC,New Haven,CT,60,Comminuted Turkey,1.0
M6765+P6765,Wichita Packing Company,Chicago,IL,50,Comminuted Turkey,1.0
M7345+P7345,"Butterball, LLC",Mount Olive,NC,80,Comminuted Turkey,3.0
M751+P1049,Pitman Farms Inc. (Moroni Turkey Processing),Moroni,UT,15,Comminuted Turkey,2.0
M77+P77,"Maid-Rite Specialty Foods, Inc.",Dunmore,PA,60,Comminuted Turkey,1.0
M7877A+P7877A+V7877A,Rastelli,Swedsboro,NJ,80,Comminuted Turkey,1.0
M8727+P8727+V8727,"Butterball, LLC",Carthage,MO,35,Comminuted Turkey,3.0
M8983+P8983,"Sysco Western Minnesota, Inc.",St Cloud,MN,25,Comminuted Turkey,2.0
P1096A,"VPGC,LLC",Hinton,VA,80,Comminuted Turkey,1.0
P17734,Stonewood Farm Inc.,Orwell,VT,60,Comminuted Turkey,1.0
P18,Cargill Meat Solutions,Dayton,VA,80,Comminuted Turkey,3.0
P22000,"Prestage Foods, Inc.",St Pauls,NC,80,Comminuted Turkey,3.0
P244+V244A,Plainville Farms,New Oxford,PA,60,Comminuted Turkey,2.0
P286,Perdue Foods LLC,Washington,IN,50,Comminuted Turkey,3.0
P38466,Sensenig Turkey Farm LLC,Lititz,PA,60,Comminuted Turkey,2.0
P40345,Misty Lea Farm Poultry Processing,Pembroke,KY,90,Comminuted Turkey,1.0
P425A,Northern Pride Inc.,Thief River Falls,MN,25,Comminuted Turkey,1.0
P45131,"Farbest Foods, Inc.",Vincennes,IN,50,Comminuted Turkey,1.0
P7669,"Turkey Valley Farms, Inc.",Marshall,MN,25,Comminuted Turkey,1.0
P8437,Koch's Turkey Farm,Tamaqua,PA,60,Comminuted Turkey,2.0
P9332A,Diestel Turkey Ranch,Chinese Camp,CA,5,Comminuted Turkey,1.0
